trackName,artistName,msPlayed,genre,danceability,energy,key,loudness,mode,speechiness,acousticness,instrumentalness,liveness,valence,tempo,type,id,uri,track_href,analysis_url,duration_ms,time_signature
21,Gracie Abrams,185172,alt z,0.759,0.665,2.0,-6.338,1.0,0.0861,0.494,0.0,0.109,0.391,125.056,audio_features,5meVa5klVlJalupZTvv5XX,spotify:track:5meVa5klVlJalupZTvv5XX,https://api.spotify.com/v1/tracks/5meVa5klVlJalupZTvv5XX,https://api.spotify.com/v1/audio-analysis/5meVa5klVlJalupZTvv5XX,185173.0,4.0
A LOT,John K,181945,singer-songwriter pop,0.829,0.583,5.0,-8.586,1.0,0.0353,0.19,0.00103,0.127,0.765,110.974,audio_features,1cxPOIEirHd43X5qeGebUY,spotify:track:1cxPOIEirHd43X5qeGebUY,https://api.spotify.com/v1/tracks/1cxPOIEirHd43X5qeGebUY,https://api.spotify.com/v1/audio-analysis/1cxPOIEirHd43X5qeGebUY,148869.0,4.0
A LOT - Remix,John K,148868,singer-songwriter pop,0.829,0.583,5.0,-8.586,1.0,0.0353,0.19,0.00103,0.127,0.765,110.974,audio_features,1cxPOIEirHd43X5qeGebUY,spotify:track:1cxPOIEirHd43X5qeGebUY,https://api.spotify.com/v1/tracks/1cxPOIEirHd43X5qeGebUY,https://api.spotify.com/v1/audio-analysis/1cxPOIEirHd43X5qeGebUY,148869.0,4.0
A.S.A.G.,Ori Rose,187317,,0.739,0.625,8.0,-6.013,1.0,0.0382,0.0879,0.0,0.251,0.641,122.976,audio_features,1RKgTID6LoCDMvXxX70vyU,spotify:track:1RKgTID6LoCDMvXxX70vyU,https://api.spotify.com/v1/tracks/1RKgTID6LoCDMvXxX70vyU,https://api.spotify.com/v1/audio-analysis/1RKgTID6LoCDMvXxX70vyU,187317.0,4.0
All Love,FLETCHER,193599,alt z,0.665,0.488,4.0,-7.177,1.0,0.0981,0.272,0.000261,0.181,0.477,142.087,audio_features,7iv32XEy2HlM7PqQO4lp5f,spotify:track:7iv32XEy2HlM7PqQO4lp5f,https://api.spotify.com/v1/tracks/7iv32XEy2HlM7PqQO4lp5f,https://api.spotify.com/v1/audio-analysis/7iv32XEy2HlM7PqQO4lp5f,193600.0,4.0
"Am I Dreaming (Metro Boomin & A$AP Rocky, Roisee)",Metro Boomin,256026,hip hop,0.599,0.526,9.0,-7.812,0.0,0.0385,0.0408,0.00256,0.209,0.134,90.018,audio_features,6Ec5LeRzkisa5KJtwLfOoW,spotify:track:6Ec5LeRzkisa5KJtwLfOoW,https://api.spotify.com/v1/tracks/6Ec5LeRzkisa5KJtwLfOoW,https://api.spotify.com/v1/audio-analysis/6Ec5LeRzkisa5KJtwLfOoW,256027.0,4.0
Avoiding,Vorsa,264463,lo-fi chill,0.698,0.508,11.0,-6.272,1.0,0.0454,0.708,0.00278,0.319,0.555,119.999,audio_features,54LFnRxLlnwV7R04CMZwjD,spotify:track:54LFnRxLlnwV7R04CMZwjD,https://api.spotify.com/v1/tracks/54LFnRxLlnwV7R04CMZwjD,https://api.spotify.com/v1/audio-analysis/54LFnRxLlnwV7R04CMZwjD,264464.0,4.0
Beautiful Girls,Sean Kingston,226903,dance pop,0.762,0.661,1.0,-6.075,0.0,0.0687,0.15,0.0,0.256,0.769,130.009,audio_features,1hGy2eLcmC8eKx7qr1tOqx,spotify:track:1hGy2eLcmC8eKx7qr1tOqx,https://api.spotify.com/v1/tracks/1hGy2eLcmC8eKx7qr1tOqx,https://api.spotify.com/v1/audio-analysis/1hGy2eLcmC8eKx7qr1tOqx,225373.0,4.0
Better Days (NEIKED x Mae Muller x Polo G),NEIKED,160656,scandipop,0.717,0.671,0.0,-5.077,0.0,0.0337,0.0018,2.54e-06,0.0921,0.699,110.054,audio_features,6f5ExP43esnvdKPddwKXJH,spotify:track:6f5ExP43esnvdKPddwKXJH,https://api.spotify.com/v1/tracks/6f5ExP43esnvdKPddwKXJH,https://api.spotify.com/v1/audio-analysis/6f5ExP43esnvdKPddwKXJH,160657.0,4.0
Black Hole,Griff,200523,uk pop,0.878,0.64,0.0,-5.641,1.0,0.0591,0.142,0.0,0.0981,0.658,124.069,audio_features,6xw8ld1ztoCKifwTN6uGDq,spotify:track:6xw8ld1ztoCKifwTN6uGDq,https://api.spotify.com/v1/tracks/6xw8ld1ztoCKifwTN6uGDq,https://api.spotify.com/v1/audio-analysis/6xw8ld1ztoCKifwTN6uGDq,200524.0,4.0
Two Places at Once,Haley Joelle,401440,alt z,0.497,0.278,2.0,-9.959,1.0,0.0464,0.792,0.0,0.308,0.237,104.84,audio_features,7fzX3TDy4bKZTGGnXilgE4,spotify:track:7fzX3TDy4bKZTGGnXilgE4,https://api.spotify.com/v1/tracks/7fzX3TDy4bKZTGGnXilgE4,https://api.spotify.com/v1/audio-analysis/7fzX3TDy4bKZTGGnXilgE4,199395.0,5.0
Yellow Box,The Neighbourhood,182760,modern alternative rock,0.598,0.575,0.0,-11.6,0.0,0.0484,0.0776,0.798,0.0925,0.268,106.972,audio_features,6IBCA5bu9eIBOsaoO0MqJj,spotify:track:6IBCA5bu9eIBOsaoO0MqJj,https://api.spotify.com/v1/tracks/6IBCA5bu9eIBOsaoO0MqJj,https://api.spotify.com/v1/audio-analysis/6IBCA5bu9eIBOsaoO0MqJj,182760.0,4.0
avalanche,Christian French,199512,alt z,0.636,0.864,11.0,-3.919,1.0,0.0491,0.0314,0.0,0.102,0.892,160.009,audio_features,1RlmAzI27AlIpvoRN3u6Iy,spotify:track:1RlmAzI27AlIpvoRN3u6Iy,https://api.spotify.com/v1/tracks/1RlmAzI27AlIpvoRN3u6Iy,https://api.spotify.com/v1/audio-analysis/1RlmAzI27AlIpvoRN3u6Iy,199512.0,4.0
birthday cake,Dylan Conrique,410560,alt z,0.436,0.255,3.0,-8.623,1.0,0.0364,0.955,3.28e-05,0.106,0.15,113.265,audio_features,7dDrR6vMK1JAwZZ5MIWgme,spotify:track:7dDrR6vMK1JAwZZ5MIWgme,https://api.spotify.com/v1/tracks/7dDrR6vMK1JAwZZ5MIWgme,https://api.spotify.com/v1/audio-analysis/7dDrR6vMK1JAwZZ5MIWgme,205280.0,4.0
first night,elijah woods,179240,singer-songwriter pop,0.707,0.584,8.0,-7.061,1.0,0.0646,0.194,1.89e-05,0.278,0.727,94.918,audio_features,6vlQlnbj0PTsOclGMf3xnG,spotify:track:6vlQlnbj0PTsOclGMf3xnG,https://api.spotify.com/v1/tracks/6vlQlnbj0PTsOclGMf3xnG,https://api.spotify.com/v1/audio-analysis/6vlQlnbj0PTsOclGMf3xnG,179240.0,4.0
hate to be lame,Lizzy McAlpine,279532,alt z,0.522,0.251,10.0,-12.626,0.0,0.0603,0.871,0.000258,0.0769,0.303,137.366,audio_features,26MJjeJ0NSOQDKeZzrEFMl,spotify:track:26MJjeJ0NSOQDKeZzrEFMl,https://api.spotify.com/v1/tracks/26MJjeJ0NSOQDKeZzrEFMl,https://api.spotify.com/v1/audio-analysis/26MJjeJ0NSOQDKeZzrEFMl,156798.0,3.0
i still think of u,Promoting Sounds,10721,aesthetic rap,0.699,0.665,5.0,-9.676,1.0,0.0339,0.282,0.0,0.147,0.352,119.989,audio_features,0qJOO0qpBFmR1vXf4rMRuj,spotify:track:0qJOO0qpBFmR1vXf4rMRuj,https://api.spotify.com/v1/tracks/0qJOO0qpBFmR1vXf4rMRuj,https://api.spotify.com/v1/audio-analysis/0qJOO0qpBFmR1vXf4rMRuj,180000.0,4.0
lie,Nessa Barrett,214044,social media pop,0.648,0.501,2.0,-8.262,1.0,0.0399,0.319,8.13e-05,0.127,0.656,155.04,audio_features,2GQqCyDCD0Z7BL2otJkFRh,spotify:track:2GQqCyDCD0Z7BL2otJkFRh,https://api.spotify.com/v1/tracks/2GQqCyDCD0Z7BL2otJkFRh,https://api.spotify.com/v1/audio-analysis/2GQqCyDCD0Z7BL2otJkFRh,214044.0,4.0
moreofyou,ryan micah,136756,,0.58,0.566,2.0,-7.534,1.0,0.0999,0.475,0.00021,0.0792,0.709,180.053,audio_features,7eW59ZF8WRfsa0PTXo0xg8,spotify:track:7eW59ZF8WRfsa0PTXo0xg8,https://api.spotify.com/v1/tracks/7eW59ZF8WRfsa0PTXo0xg8,https://api.spotify.com/v1/audio-analysis/7eW59ZF8WRfsa0PTXo0xg8,136667.0,4.0
on life,sammy rash,132260,gen z singer-songwriter,0.753,0.345,1.0,-8.685,1.0,0.0876,0.55,0.0,0.197,0.695,90.004,audio_features,2p3bubd7FHs1XN4tiasCqJ,spotify:track:2p3bubd7FHs1XN4tiasCqJ,https://api.spotify.com/v1/tracks/2p3bubd7FHs1XN4tiasCqJ,https://api.spotify.com/v1/audio-analysis/2p3bubd7FHs1XN4tiasCqJ,132261.0,4.0
riptides,Lxst Boy,195966,,0.596,0.573,7.0,-8.423,0.0,0.0314,0.431,0.0,0.392,0.277,117.997,audio_features,5sCG5HDmd7hQbKq8RdAgtI,spotify:track:5sCG5HDmd7hQbKq8RdAgtI,https://api.spotify.com/v1/tracks/5sCG5HDmd7hQbKq8RdAgtI,https://api.spotify.com/v1/audio-analysis/5sCG5HDmd7hQbKq8RdAgtI,195257.0,4.0
rubberband,Tate McRae,75365,alt z,0.64,0.593,10.0,-6.068,1.0,0.0431,0.32,0.0,0.104,0.432,155.08,audio_features,05ABOPiW13nqIedJfqmfPM,spotify:track:05ABOPiW13nqIedJfqmfPM,https://api.spotify.com/v1/tracks/05ABOPiW13nqIedJfqmfPM,https://api.spotify.com/v1/audio-analysis/05ABOPiW13nqIedJfqmfPM,147713.0,4.0
smile more,sammy rash,95108,gen z singer-songwriter,0.819,0.386,10.0,-6.17,1.0,0.0695,0.688,0.0,0.119,0.778,87.984,audio_features,1NNUcz8YMp6OKElVufO1Sj,spotify:track:1NNUcz8YMp6OKElVufO1Sj,https://api.spotify.com/v1/tracks/1NNUcz8YMp6OKElVufO1Sj,https://api.spotify.com/v1/audio-analysis/1NNUcz8YMp6OKElVufO1Sj,95109.0,4.0
take care,elijah woods,385710,singer-songwriter pop,0.821,0.436,0.0,-7.992,1.0,0.0435,0.281,0.0,0.0448,0.777,92.513,audio_features,2ajQK2iRKBuDGxMeBxDzPA,spotify:track:2ajQK2iRKBuDGxMeBxDzPA,https://api.spotify.com/v1/tracks/2ajQK2iRKBuDGxMeBxDzPA,https://api.spotify.com/v1/audio-analysis/2ajQK2iRKBuDGxMeBxDzPA,128500.0,4.0
this is what losing someone feels like,JVKE,172325,modern indie pop,0.602,0.493,5.0,-5.695,1.0,0.0443,0.825,0.0,0.364,0.281,128.577,audio_features,38tKvVe3iURKRFm5X50zLZ,spotify:track:38tKvVe3iURKRFm5X50zLZ,https://api.spotify.com/v1/tracks/38tKvVe3iURKRFm5X50zLZ,https://api.spotify.com/v1/audio-analysis/38tKvVe3iURKRFm5X50zLZ,172326.0,4.0
you heard me,Heather Sommer,178686,alt z,0.665,0.582,6.0,-7.011,0.0,0.0324,0.163,0.0,0.108,0.344,137.027,audio_features,2uFTnCmw9n08yGWU6qf1vk,spotify:track:2uFTnCmw9n08yGWU6qf1vk,https://api.spotify.com/v1/tracks/2uFTnCmw9n08yGWU6qf1vk,https://api.spotify.com/v1/audio-analysis/2uFTnCmw9n08yGWU6qf1vk,178686.0,4.0
Bonfire,Peder Elias,166560,norwegian pop,0.874,0.531,8.0,-7.881,1.0,0.0457,0.199,0.0,0.137,0.933,117.959,audio_features,22VF0spye9Nc8MZr177TMn,spotify:track:22VF0spye9Nc8MZr177TMn,https://api.spotify.com/v1/tracks/22VF0spye9Nc8MZr177TMn,https://api.spotify.com/v1/audio-analysis/22VF0spye9Nc8MZr177TMn,166560.0,4.0
CHICKEN TENDIES,Clinton Kane,196844,alt z,0.57,0.689,7.0,-6.242,1.0,0.147,0.358,0.0,0.0819,0.568,100.087,audio_features,0awuNCj9gwJEM0seER22DW,spotify:track:0awuNCj9gwJEM0seER22DW,https://api.spotify.com/v1/tracks/0awuNCj9gwJEM0seER22DW,https://api.spotify.com/v1/audio-analysis/0awuNCj9gwJEM0seER22DW,196844.0,4.0
Chirpy Chirpy Cheep Cheep,Middle Of The Road,16460,classic uk pop,0.549,0.547,11.0,-8.681,0.0,0.0452,0.0916,2.26e-06,0.205,0.972,129.814,audio_features,703RBHUEEi5c4o4YUXAM9Q,spotify:track:703RBHUEEi5c4o4YUXAM9Q,https://api.spotify.com/v1/tracks/703RBHUEEi5c4o4YUXAM9Q,https://api.spotify.com/v1/audio-analysis/703RBHUEEi5c4o4YUXAM9Q,177800.0,4.0
Cornfield Chase,Hans Zimmer,974439,german soundtrack,0.18,0.226,9.0,-16.457,0.0,0.042,0.951,0.982,0.0998,0.048,94.079,audio_features,6pWgRkpqVfxnj3WuIcJ7WP,spotify:track:6pWgRkpqVfxnj3WuIcJ7WP,https://api.spotify.com/v1/tracks/6pWgRkpqVfxnj3WuIcJ7WP,https://api.spotify.com/v1/audio-analysis/6pWgRkpqVfxnj3WuIcJ7WP,126960.0,4.0
Creep - Acoustic,Radiohead,258780,alternative rock,0.399,0.239,7.0,-17.123,1.0,0.0407,0.557,0.000203,0.121,0.147,166.419,audio_features,6JpjIy1M7oxvPJ3uVdUKTe,spotify:track:6JpjIy1M7oxvPJ3uVdUKTe,https://api.spotify.com/v1/tracks/6JpjIy1M7oxvPJ3uVdUKTe,https://api.spotify.com/v1/audio-analysis/6JpjIy1M7oxvPJ3uVdUKTe,258640.0,4.0
Day One (Interstellar Theme),Hans Zimmer,1395954,german soundtrack,0.311,0.0173,9.0,-27.788,0.0,0.0348,0.927,0.964,0.0727,0.0658,95.985,audio_features,4WmB04GBqS4xPMYN9dHgBw,spotify:track:4WmB04GBqS4xPMYN9dHgBw,https://api.spotify.com/v1/tracks/4WmB04GBqS4xPMYN9dHgBw,https://api.spotify.com/v1/audio-analysis/4WmB04GBqS4xPMYN9dHgBw,199423.0,3.0
Dissolve,Absofacto,97556,shimmer psych,0.688,0.582,6.0,-10.668,0.0,0.0542,0.23,0.000157,0.0663,0.872,85.486,audio_features,7pBrj5rt4SSxXwFKOyZfHR,spotify:track:7pBrj5rt4SSxXwFKOyZfHR,https://api.spotify.com/v1/tracks/7pBrj5rt4SSxXwFKOyZfHR,https://api.spotify.com/v1/audio-analysis/7pBrj5rt4SSxXwFKOyZfHR,224661.0,4.0
Do Do Do,Dansu,4603,dutch indie,0.68,0.644,7.0,-6.905,0.0,0.157,0.137,5.48e-05,0.112,0.801,111.979,audio_features,1Fh4hfRZs2hAhKDihIn2ZF,spotify:track:1Fh4hfRZs2hAhKDihIn2ZF,https://api.spotify.com/v1/tracks/1Fh4hfRZs2hAhKDihIn2ZF,https://api.spotify.com/v1/audio-analysis/1Fh4hfRZs2hAhKDihIn2ZF,202816.0,4.0
Don't Dream It's Over,Crowded House,10731,australian rock,0.502,0.683,0.0,-8.19,0.0,0.0472,0.71,1.98e-06,0.18,0.734,82.626,audio_features,0fiSpF9mvRFQWy0ca64d1g,spotify:track:0fiSpF9mvRFQWy0ca64d1g,https://api.spotify.com/v1/tracks/0fiSpF9mvRFQWy0ca64d1g,https://api.spotify.com/v1/audio-analysis/0fiSpF9mvRFQWy0ca64d1g,194948.0,4.0
Dreams,The Cranberries,4904,irish rock,0.551,0.643,4.0,-13.091,1.0,0.0353,0.00313,0.00385,0.421,0.514,128.661,audio_features,4JGKZS7h4Qa16gOU3oNETV,spotify:track:4JGKZS7h4Qa16gOU3oNETV,https://api.spotify.com/v1/tracks/4JGKZS7h4Qa16gOU3oNETV,https://api.spotify.com/v1/audio-analysis/4JGKZS7h4Qa16gOU3oNETV,271560.0,4.0
Eminence Front,The Who,339106,album rock,0.697,0.787,5.0,-9.695,0.0,0.0305,0.232,0.587,0.0404,0.572,98.066,audio_features,0LN5gIsS5tQSmRzQrHSaTR,spotify:track:0LN5gIsS5tQSmRzQrHSaTR,https://api.spotify.com/v1/tracks/0LN5gIsS5tQSmRzQrHSaTR,https://api.spotify.com/v1/audio-analysis/0LN5gIsS5tQSmRzQrHSaTR,339107.0,4.0
Escalator,Ritt Momney,146298,bedroom pop,0.789,0.297,0.0,-8.399,1.0,0.0885,0.688,0.567,0.109,0.497,153.044,audio_features,6VKha9kbRxUWQSx7eH7Rxw,spotify:track:6VKha9kbRxUWQSx7eH7Rxw,https://api.spotify.com/v1/tracks/6VKha9kbRxUWQSx7eH7Rxw,https://api.spotify.com/v1/audio-analysis/6VKha9kbRxUWQSx7eH7Rxw,146298.0,1.0
Everything At Your Feet,ODESZA,208017,chillwave,0.579,0.687,9.0,-6.859,0.0,0.0596,0.0381,0.0107,0.155,0.545,86.97,audio_features,3VXrpkM94UBgL4voR20tZq,spotify:track:3VXrpkM94UBgL4voR20tZq,https://api.spotify.com/v1/tracks/3VXrpkM94UBgL4voR20tZq,https://api.spotify.com/v1/audio-analysis/3VXrpkM94UBgL4voR20tZq,208018.0,4.0
FUSE,Hudson Mohawke,126972,future garage,0.57,0.647,0.0,-9.111,1.0,0.0401,0.042,0.00221,0.292,0.473,139.935,audio_features,0pB98eKLYGcddDYsCHjzcL,spotify:track:0pB98eKLYGcddDYsCHjzcL,https://api.spotify.com/v1/tracks/0pB98eKLYGcddDYsCHjzcL,https://api.spotify.com/v1/audio-analysis/0pB98eKLYGcddDYsCHjzcL,192240.0,4.0
Fall Into Me,Forest Blakk,226066,singer-songwriter pop,0.45,0.483,2.0,-6.754,1.0,0.0572,0.179,0.0,0.127,0.206,118.305,audio_features,7Lv78wiIJcKgND9Zi7AIOt,spotify:track:7Lv78wiIJcKgND9Zi7AIOt,https://api.spotify.com/v1/tracks/7Lv78wiIJcKgND9Zi7AIOt,https://api.spotify.com/v1/audio-analysis/7Lv78wiIJcKgND9Zi7AIOt,226067.0,4.0
Falling Apart,Michael Schulte,51294,german pop,0.543,0.333,7.0,-9.355,0.0,0.0272,0.824,3.87e-06,0.168,0.261,109.789,audio_features,0aIW3ekrhK1eh3BYCh11op,spotify:track:0aIW3ekrhK1eh3BYCh11op,https://api.spotify.com/v1/tracks/0aIW3ekrhK1eh3BYCh11op,https://api.spotify.com/v1/audio-analysis/0aIW3ekrhK1eh3BYCh11op,198573.0,4.0
First Step,Hans Zimmer,646602,german soundtrack,0.163,0.084,9.0,-19.007,0.0,0.0329,0.433,0.95,0.102,0.0345,71.028,audio_features,1gLLVtr9kIjmyoRzENZ11w,spotify:track:1gLLVtr9kIjmyoRzENZ11w,https://api.spotify.com/v1/tracks/1gLLVtr9kIjmyoRzENZ11w,https://api.spotify.com/v1/audio-analysis/1gLLVtr9kIjmyoRzENZ11w,107767.0,4.0
Flowers on the Freeway,Cody Lovaas,166005,la pop,0.757,0.492,0.0,-5.642,1.0,0.337,0.405,0.0,0.203,0.284,76.038,audio_features,5KxOgXzWV6bwyjxeJ5ynjJ,spotify:track:5KxOgXzWV6bwyjxeJ5ynjJ,https://api.spotify.com/v1/tracks/5KxOgXzWV6bwyjxeJ5ynjJ,https://api.spotify.com/v1/audio-analysis/5KxOgXzWV6bwyjxeJ5ynjJ,166005.0,4.0
Fly Me To The Moon (In Other Words),Frank Sinatra,147000,adult standards,0.668,0.26,7.0,-14.256,1.0,0.0523,0.453,0.0,0.0621,0.368,119.416,audio_features,5b7OgznPJJr1vHNYGyvxau,spotify:track:5b7OgznPJJr1vHNYGyvxau,https://api.spotify.com/v1/tracks/5b7OgznPJJr1vHNYGyvxau,https://api.spotify.com/v1/audio-analysis/5b7OgznPJJr1vHNYGyvxau,147000.0,4.0
Forget About You,Devin Kennedy,151712,indie r&b,0.503,0.264,10.0,-9.762,0.0,0.0632,0.807,0.0,0.24,0.44,45.861,audio_features,16BMKSNU69eW0y1Q0vWvwa,spotify:track:16BMKSNU69eW0y1Q0vWvwa,https://api.spotify.com/v1/tracks/16BMKSNU69eW0y1Q0vWvwa,https://api.spotify.com/v1/audio-analysis/16BMKSNU69eW0y1Q0vWvwa,100739.0,4.0
Gone,Blake Rose,43960,australian electropop,0.317,0.545,11.0,-6.439,0.0,0.0468,0.039,0.0,0.116,0.14,139.014,audio_features,2dPT9UxyHm71quNyj3C4YE,spotify:track:2dPT9UxyHm71quNyj3C4YE,https://api.spotify.com/v1/tracks/2dPT9UxyHm71quNyj3C4YE,https://api.spotify.com/v1/audio-analysis/2dPT9UxyHm71quNyj3C4YE,205462.0,5.0
"Gone, Gone, Gone",Phillip Phillips,209693,folk-pop,0.664,0.642,6.0,-5.961,1.0,0.038,0.129,0.0,0.114,0.501,118.002,audio_features,56sxN1yKg1dgOZXBcAHkJG,spotify:track:56sxN1yKg1dgOZXBcAHkJG,https://api.spotify.com/v1/tracks/56sxN1yKg1dgOZXBcAHkJG,https://api.spotify.com/v1/audio-analysis/56sxN1yKg1dgOZXBcAHkJG,209693.0,4.0
Hard To Be Human,Anson Seabra,170414,alt z,0.703,0.275,2.0,-12.665,1.0,0.0312,0.893,4.4e-06,0.203,0.204,99.006,audio_features,3rhcTGF7AK0QsSzMmLVkqu,spotify:track:3rhcTGF7AK0QsSzMmLVkqu,https://api.spotify.com/v1/tracks/3rhcTGF7AK0QsSzMmLVkqu,https://api.spotify.com/v1/audio-analysis/3rhcTGF7AK0QsSzMmLVkqu,170415.0,3.0
Hate Me!,MASN,320221,sad rap,0.683,0.628,6.0,-6.512,1.0,0.123,0.659,0.0,0.106,0.356,142.06,audio_features,6jmf4OxSGzdgthZruXtcqu,spotify:track:6jmf4OxSGzdgthZruXtcqu,https://api.spotify.com/v1/tracks/6jmf4OxSGzdgthZruXtcqu,https://api.spotify.com/v1/audio-analysis/6jmf4OxSGzdgthZruXtcqu,154757.0,4.0
Here With Me,d4vd,986622,bedroom pop,0.571,0.458,4.0,-9.283,1.0,0.0258,0.544,9.27e-05,0.123,0.299,132.025,audio_features,5LrN7yUQAzvthd4QujgPFr,spotify:track:5LrN7yUQAzvthd4QujgPFr,https://api.spotify.com/v1/tracks/5LrN7yUQAzvthd4QujgPFr,https://api.spotify.com/v1/audio-analysis/5LrN7yUQAzvthd4QujgPFr,242485.0,4.0
Hey Girl,Stephen Sanchez,185906,gen z singer-songwriter,0.389,0.505,6.0,-7.777,0.0,0.037,0.538,0.00403,0.216,0.244,121.775,audio_features,4rypm0OAHbU1IXLA8atiGE,spotify:track:4rypm0OAHbU1IXLA8atiGE,https://api.spotify.com/v1/tracks/4rypm0OAHbU1IXLA8atiGE,https://api.spotify.com/v1/audio-analysis/4rypm0OAHbU1IXLA8atiGE,185907.0,4.0
Hit Me With Your Best Shot,Pat Benatar,171266,album rock,0.741,0.58,4.0,-9.05,1.0,0.0304,0.117,3.31e-05,0.212,0.944,127.402,audio_features,0vOkmmJEtjuFZDzrQSFzEE,spotify:track:0vOkmmJEtjuFZDzrQSFzEE,https://api.spotify.com/v1/tracks/0vOkmmJEtjuFZDzrQSFzEE,https://api.spotify.com/v1/audio-analysis/0vOkmmJEtjuFZDzrQSFzEE,171267.0,4.0
Hold The Line (feat. A R I Z O N A),Avicii,5372,edm,0.648,0.554,9.0,-7.005,1.0,0.0341,0.329,2.56e-05,0.0803,0.372,98.045,audio_features,6EBlOYNcZ8MrdEov9lEdV6,spotify:track:6EBlOYNcZ8MrdEov9lEdV6,https://api.spotify.com/v1/tracks/6EBlOYNcZ8MrdEov9lEdV6,https://api.spotify.com/v1/audio-analysis/6EBlOYNcZ8MrdEov9lEdV6,171786.0,4.0
Hold the Line,TOTO,49838,album rock,0.473,0.898,6.0,-4.797,0.0,0.0561,0.00783,0.0618,0.173,0.808,96.556,audio_features,4aVuWgvD0X63hcOCnZtNFA,spotify:track:4aVuWgvD0X63hcOCnZtNFA,https://api.spotify.com/v1/tracks/4aVuWgvD0X63hcOCnZtNFA,https://api.spotify.com/v1/audio-analysis/4aVuWgvD0X63hcOCnZtNFA,235547.0,4.0
I Wish I Could Hate You,HRVY,142133,pop,0.664,0.694,0.0,-8.119,1.0,0.0789,0.00721,0.000139,0.101,0.834,171.065,audio_features,2z4mORt9qfkn3EN3iu3jqw,spotify:track:2z4mORt9qfkn3EN3iu3jqw,https://api.spotify.com/v1/tracks/2z4mORt9qfkn3EN3iu3jqw,https://api.spotify.com/v1/audio-analysis/2z4mORt9qfkn3EN3iu3jqw,142133.0,4.0
If You Can't Give Me Love - 2017 Remaster,Suzi Quatro,42911,glam rock,0.667,0.66,9.0,-8.819,1.0,0.0348,0.117,0.000805,0.0707,0.905,133.866,audio_features,45JKOZUyOFoLhmEltJFEeW,spotify:track:45JKOZUyOFoLhmEltJFEeW,https://api.spotify.com/v1/tracks/45JKOZUyOFoLhmEltJFEeW,https://api.spotify.com/v1/audio-analysis/45JKOZUyOFoLhmEltJFEeW,232994.0,4.0
In The Stars,Benson Boone,216410,singer-songwriter pop,0.362,0.54,10.0,-6.031,1.0,0.0528,0.338,0.0,0.139,0.3,78.007,audio_features,1ei3hzQmrgealgRKFxIcWn,spotify:track:1ei3hzQmrgealgRKFxIcWn,https://api.spotify.com/v1/tracks/1ei3hzQmrgealgRKFxIcWn,https://api.spotify.com/v1/audio-analysis/1ei3hzQmrgealgRKFxIcWn,216410.0,3.0
Interstellar - Main Theme -Trailer Version Extended (2014),The Meridian Studio Ensemble,1476828,,,,,,,,,,,,,,,,,,,
Interstellar Cornfield Chase,Hans Zimmer,775296,german soundtrack,0.351,0.388,9.0,-13.43,0.0,0.0342,0.0113,0.937,0.0751,0.104,96.142,audio_features,7JlX5K3Jj1Q8cJCF4AUHMX,spotify:track:7JlX5K3Jj1Q8cJCF4AUHMX,https://api.spotify.com/v1/tracks/7JlX5K3Jj1Q8cJCF4AUHMX,https://api.spotify.com/v1/audio-analysis/7JlX5K3Jj1Q8cJCF4AUHMX,129217.0,3.0
It Ain't Over 'Til It's Over,Lenny Kravitz,34972,permanent wave,0.679,0.568,6.0,-10.74,1.0,0.0423,0.422,0.00928,0.322,0.93,159.69,audio_features,6VnpKLtfNH4Dk09YSGPSyR,spotify:track:6VnpKLtfNH4Dk09YSGPSyR,https://api.spotify.com/v1/tracks/6VnpKLtfNH4Dk09YSGPSyR,https://api.spotify.com/v1/audio-analysis/6VnpKLtfNH4Dk09YSGPSyR,242640.0,4.0
Last Minute,Sam MacPherson,133253,gen z singer-songwriter,0.578,0.281,3.0,-9.234,0.0,0.0816,0.576,0.0,0.499,0.479,143.889,audio_features,0GSbQG9SKlpEKHSC8hF8lf,spotify:track:0GSbQG9SKlpEKHSC8hF8lf,https://api.spotify.com/v1/tracks/0GSbQG9SKlpEKHSC8hF8lf,https://api.spotify.com/v1/audio-analysis/0GSbQG9SKlpEKHSC8hF8lf,133253.0,4.0
Like This,Jake Scott,389502,indiecoustica,0.704,0.327,7.0,-16.332,1.0,0.396,0.749,0.0,0.102,0.491,96.082,audio_features,6cj1qZxN3I2OxvYMDlIsNN,spotify:track:6cj1qZxN3I2OxvYMDlIsNN,https://api.spotify.com/v1/tracks/6cj1qZxN3I2OxvYMDlIsNN,https://api.spotify.com/v1/audio-analysis/6cj1qZxN3I2OxvYMDlIsNN,193462.0,4.0
Lovers On The Moon,AJ Mitchell,178685,alt z,0.824,0.564,0.0,-5.383,0.0,0.0459,0.0573,0.0,0.107,0.831,136.973,audio_features,76h8bwq5WuPl7lLoLVFqJq,spotify:track:76h8bwq5WuPl7lLoLVFqJq,https://api.spotify.com/v1/tracks/76h8bwq5WuPl7lLoLVFqJq,https://api.spotify.com/v1/audio-analysis/76h8bwq5WuPl7lLoLVFqJq,178685.0,4.0
Maniac,Conan Gray,185773,bedroom pop,0.628,0.639,8.0,-5.46,1.0,0.0435,0.00162,0.0,0.354,0.493,108.045,audio_features,6KfoDhO4XUWSbnyKjNp9c4,spotify:track:6KfoDhO4XUWSbnyKjNp9c4,https://api.spotify.com/v1/tracks/6KfoDhO4XUWSbnyKjNp9c4,https://api.spotify.com/v1/audio-analysis/6KfoDhO4XUWSbnyKjNp9c4,185773.0,4.0
Maybelline,Ella Isaacson,202188,,0.671,0.584,0.0,-5.135,0.0,0.0325,0.0115,0.0,0.105,0.37,98.059,audio_features,6a7lyItfM0vEjKlNIMuvUJ,spotify:track:6a7lyItfM0vEjKlNIMuvUJ,https://api.spotify.com/v1/tracks/6a7lyItfM0vEjKlNIMuvUJ,https://api.spotify.com/v1/audio-analysis/6a7lyItfM0vEjKlNIMuvUJ,202188.0,4.0
Mountains,Hans Zimmer,1528611,german soundtrack,0.304,0.0585,9.0,-16.949,0.0,0.0351,0.59,0.928,0.0982,0.0371,119.975,audio_features,0Sg3UL7f40ulmTh0Xwr6qY,spotify:track:0Sg3UL7f40ulmTh0Xwr6qY,https://api.spotify.com/v1/tracks/0Sg3UL7f40ulmTh0Xwr6qY,https://api.spotify.com/v1/audio-analysis/0Sg3UL7f40ulmTh0Xwr6qY,219093.0,4.0
My Gospel,Charlie Puth,143148,pop,0.7,0.654,6.0,-7.126,0.0,0.297,0.27,0.0,0.0768,0.494,112.039,audio_features,1RdykyqZss4snJH9e58CQJ,spotify:track:1RdykyqZss4snJH9e58CQJ,https://api.spotify.com/v1/tracks/1RdykyqZss4snJH9e58CQJ,https://api.spotify.com/v1/audio-analysis/1RdykyqZss4snJH9e58CQJ,210867.0,4.0
Nandemonaiya - movie edit.,RADWIMPS,196906,j-pop,0.395,0.331,11.0,-8.439,1.0,0.0307,0.404,0.00046,0.0964,0.296,112.114,audio_features,6RM5WJcShIHsxrja11M1iK,spotify:track:6RM5WJcShIHsxrja11M1iK,https://api.spotify.com/v1/tracks/6RM5WJcShIHsxrja11M1iK,https://api.spotify.com/v1/audio-analysis/6RM5WJcShIHsxrja11M1iK,196907.0,5.0
New Light,John Mayer,76660,neo mellow,0.826,0.694,7.0,-7.862,1.0,0.0315,0.316,0.0285,0.074,0.852,123.932,audio_features,4T6FWA703h6H7zk1FoSARw,spotify:track:4T6FWA703h6H7zk1FoSARw,https://api.spotify.com/v1/tracks/4T6FWA703h6H7zk1FoSARw,https://api.spotify.com/v1/audio-analysis/4T6FWA703h6H7zk1FoSARw,217427.0,4.0
No Time for Caution,Hans Zimmer,1477626,german soundtrack,0.262,0.224,9.0,-20.231,0.0,0.0463,0.0545,0.95,0.118,0.0388,119.715,audio_features,5aaXqH8rgKZxg61HjECldi,spotify:track:5aaXqH8rgKZxg61HjECldi,https://api.spotify.com/v1/tracks/5aaXqH8rgKZxg61HjECldi,https://api.spotify.com/v1/audio-analysis/5aaXqH8rgKZxg61HjECldi,246272.0,4.0
Nothing New,Fly By Midnight,149268,singer-songwriter pop,0.528,0.829,7.0,-6.594,0.0,0.0682,0.0571,5.9e-06,0.131,0.485,164.088,audio_features,0kCVkMpsv5wtGx71knh4dG,spotify:track:0kCVkMpsv5wtGx71knh4dG,https://api.spotify.com/v1/tracks/0kCVkMpsv5wtGx71knh4dG,https://api.spotify.com/v1/audio-analysis/0kCVkMpsv5wtGx71knh4dG,149268.0,4.0
OOPS,clide,143276,singer-songwriter pop,0.698,0.678,6.0,-6.206,1.0,0.062,0.139,0.0,0.209,0.702,77.481,audio_features,0h5iRnyKnCJKUiYK6FGcOZ,spotify:track:0h5iRnyKnCJKUiYK6FGcOZ,https://api.spotify.com/v1/tracks/0h5iRnyKnCJKUiYK6FGcOZ,https://api.spotify.com/v1/audio-analysis/0h5iRnyKnCJKUiYK6FGcOZ,143277.0,4.0
Ocean - Stripped Acoustic,Andreas Moe,157055,swedish indie pop,0.56,0.393,1.0,-9.924,0.0,0.0305,0.82,0.0,0.0933,0.58,93.036,audio_features,7EyOuJUaogJAAe7Rx6gwtw,spotify:track:7EyOuJUaogJAAe7Rx6gwtw,https://api.spotify.com/v1/tracks/7EyOuJUaogJAAe7Rx6gwtw,https://api.spotify.com/v1/audio-analysis/7EyOuJUaogJAAe7Rx6gwtw,157056.0,4.0
Old Town Road - Remix,Lil Nas X,157066,lgbtq+ hip hop,0.878,0.619,6.0,-5.56,1.0,0.102,0.0533,0.0,0.113,0.639,136.041,audio_features,2YpeDb67231RjR0MgVLzsG,spotify:track:2YpeDb67231RjR0MgVLzsG,https://api.spotify.com/v1/tracks/2YpeDb67231RjR0MgVLzsG,https://api.spotify.com/v1/audio-analysis/2YpeDb67231RjR0MgVLzsG,157067.0,4.0
Older,Sasha Alex Sloan,184892,alt z,0.628,0.298,11.0,-9.539,1.0,0.0713,0.732,0.0,0.116,0.166,63.762,audio_features,3kywzyEr7V106Un5cDyh12,spotify:track:3kywzyEr7V106Un5cDyh12,https://api.spotify.com/v1/tracks/3kywzyEr7V106Un5cDyh12,https://api.spotify.com/v1/audio-analysis/3kywzyEr7V106Un5cDyh12,184893.0,4.0
Out Of Reach,BoyWithUke,165299,sad rap,0.667,0.7,11.0,-7.379,1.0,0.0481,0.00283,3.72e-05,0.257,0.553,148.118,audio_features,5nXCKYd6lt9gO7AhZPv6Wh,spotify:track:5nXCKYd6lt9gO7AhZPv6Wh,https://api.spotify.com/v1/tracks/5nXCKYd6lt9gO7AhZPv6Wh,https://api.spotify.com/v1/audio-analysis/5nXCKYd6lt9gO7AhZPv6Wh,164510.0,4.0
Out of Time,The Weeknd,214193,canadian contemporary r&b,0.65,0.76,0.0,-4.422,0.0,0.0446,0.255,0.0,0.339,0.838,93.057,audio_features,2SLwbpExuoBDZBpjfefCtV,spotify:track:2SLwbpExuoBDZBpjfefCtV,https://api.spotify.com/v1/tracks/2SLwbpExuoBDZBpjfefCtV,https://api.spotify.com/v1/audio-analysis/2SLwbpExuoBDZBpjfefCtV,214194.0,4.0
PS5 (with TOMORROW X TOGETHER & Alan Walker),salem ilese,164157,alt z,0.602,0.642,2.0,-5.404,0.0,0.211,0.0131,5.33e-06,0.0668,0.54,175.978,audio_features,7xNCacksfUkYXsXuSW4vNF,spotify:track:7xNCacksfUkYXsXuSW4vNF,https://api.spotify.com/v1/tracks/7xNCacksfUkYXsXuSW4vNF,https://api.spotify.com/v1/audio-analysis/7xNCacksfUkYXsXuSW4vNF,152214.0,4.0
Panama,Matteo,20340,romanian pop,0.864,0.718,1.0,-6.498,0.0,0.0362,0.209,0.0,0.217,0.967,99.967,audio_features,0MVXN51Cbel5hSeVGFx5N1,spotify:track:0MVXN51Cbel5hSeVGFx5N1,https://api.spotify.com/v1/tracks/0MVXN51Cbel5hSeVGFx5N1,https://api.spotify.com/v1/audio-analysis/0MVXN51Cbel5hSeVGFx5N1,200700.0,4.0
Papercuts,Landon Conrath,172654,,0.616,0.925,10.0,-5.546,1.0,0.0469,0.235,0.0,0.0709,0.939,176.036,audio_features,1uAkU42SNZn4PlUFrS8zmg,spotify:track:1uAkU42SNZn4PlUFrS8zmg,https://api.spotify.com/v1/tracks/1uAkU42SNZn4PlUFrS8zmg,https://api.spotify.com/v1/audio-analysis/1uAkU42SNZn4PlUFrS8zmg,172654.0,4.0
Passin' Me By,The Pharcyde,302906,alternative hip hop,0.759,0.756,4.0,-8.145,0.0,0.266,0.0903,2.36e-06,0.265,0.613,87.059,audio_features,4G3dZN9o3o2X4VKwt4CLts,spotify:track:4G3dZN9o3o2X4VKwt4CLts,https://api.spotify.com/v1/tracks/4G3dZN9o3o2X4VKwt4CLts,https://api.spotify.com/v1/audio-analysis/4G3dZN9o3o2X4VKwt4CLts,303493.0,4.0
Playground (from the series Arcane League of Legends),Bea Miller,230525,alt z,0.514,0.703,8.0,-6.859,1.0,0.0298,0.0107,7.62e-05,0.13,0.356,157.399,audio_features,5f2zZawBtGBEw24ABweErz,spotify:track:5f2zZawBtGBEw24ABweErz,https://api.spotify.com/v1/tracks/5f2zZawBtGBEw24ABweErz,https://api.spotify.com/v1/audio-analysis/5f2zZawBtGBEw24ABweErz,230526.0,4.0
Pure,Gervs,284014,bedroom r&b,0.637,0.552,4.0,-7.239,1.0,0.105,0.468,0.0,0.135,0.51,184.015,audio_features,4Pk6Ev4ct2FotdWvf563Hv,spotify:track:4Pk6Ev4ct2FotdWvf563Hv,https://api.spotify.com/v1/tracks/4Pk6Ev4ct2FotdWvf563Hv,https://api.spotify.com/v1/audio-analysis/4Pk6Ev4ct2FotdWvf563Hv,127007.0,4.0
Running Up That Hill (A Deal With God),Kate Bush,298933,art pop,0.629,0.545,10.0,-13.123,0.0,0.0546,0.719,0.00308,0.0604,0.194,108.376,audio_features,1PtQJZVZIdWIYdARpZRDFO,spotify:track:1PtQJZVZIdWIYdARpZRDFO,https://api.spotify.com/v1/tracks/1PtQJZVZIdWIYdARpZRDFO,https://api.spotify.com/v1/audio-analysis/1PtQJZVZIdWIYdARpZRDFO,298933.0,4.0
S.T.A.Y.,Hans Zimmer,2301078,german soundtrack,0.0793,0.0301,5.0,-30.777,1.0,0.0425,0.933,0.929,0.0741,0.0256,191.413,audio_features,6GUq9y0Iy5QrAuPYxTrFp2,spotify:track:6GUq9y0Iy5QrAuPYxTrFp2,https://api.spotify.com/v1/tracks/6GUq9y0Iy5QrAuPYxTrFp2,https://api.spotify.com/v1/audio-analysis/6GUq9y0Iy5QrAuPYxTrFp2,383513.0,3.0
See The Light,Stephen Sanchez,180146,gen z singer-songwriter,0.728,0.796,4.0,-5.33,1.0,0.0461,0.162,9.28e-06,0.196,0.691,117.925,audio_features,5nsFJfYtAFZmL9PbtYKYcA,spotify:track:5nsFJfYtAFZmL9PbtYKYcA,https://api.spotify.com/v1/tracks/5nsFJfYtAFZmL9PbtYKYcA,https://api.spotify.com/v1/audio-analysis/5nsFJfYtAFZmL9PbtYKYcA,180147.0,4.0
See You Later,EKKSTACY,123319,,0.361,0.0203,11.0,-25.064,1.0,0.0555,0.925,0.00224,0.114,0.351,76.621,audio_features,1xHrPq8WvLKiO6lT94Ks2F,spotify:track:1xHrPq8WvLKiO6lT94Ks2F,https://api.spotify.com/v1/tracks/1xHrPq8WvLKiO6lT94Ks2F,https://api.spotify.com/v1/audio-analysis/1xHrPq8WvLKiO6lT94Ks2F,123320.0,4.0
She Said,FLETCHER,167810,alt z,0.649,0.758,10.0,-5.647,0.0,0.0581,0.0364,4.12e-05,0.36,0.737,120.001,audio_features,1UNWD6R5EOFklUHKZZvww2,spotify:track:1UNWD6R5EOFklUHKZZvww2,https://api.spotify.com/v1/tracks/1UNWD6R5EOFklUHKZZvww2,https://api.spotify.com/v1/audio-analysis/1UNWD6R5EOFklUHKZZvww2,167811.0,4.0
Smells Like Me,Charlie Puth,204079,pop,0.602,0.565,11.0,-6.498,1.0,0.0498,0.329,0.0,0.0622,0.609,208.038,audio_features,485bDxBvu1S5HxEunbt45X,spotify:track:485bDxBvu1S5HxEunbt45X,https://api.spotify.com/v1/tracks/485bDxBvu1S5HxEunbt45X,https://api.spotify.com/v1/audio-analysis/485bDxBvu1S5HxEunbt45X,204079.0,4.0
"So,So",Landon Conrath,197382,,0.744,0.637,8.0,-7.451,1.0,0.0307,0.117,0.00476,0.154,0.754,106.011,audio_features,7I409u7suf8LtcwU7BlxwQ,spotify:track:7I409u7suf8LtcwU7BlxwQ,https://api.spotify.com/v1/tracks/7I409u7suf8LtcwU7BlxwQ,https://api.spotify.com/v1/audio-analysis/7I409u7suf8LtcwU7BlxwQ,197382.0,4.0
Sometimes,Fly By Midnight,147852,singer-songwriter pop,0.559,0.918,2.0,-5.345,1.0,0.109,0.0893,0.0,0.171,0.522,138.981,audio_features,0UDVylzf9MHvu8kTw9toUQ,spotify:track:0UDVylzf9MHvu8kTw9toUQ,https://api.spotify.com/v1/tracks/0UDVylzf9MHvu8kTw9toUQ,https://api.spotify.com/v1/audio-analysis/0UDVylzf9MHvu8kTw9toUQ,147852.0,4.0
Space Makes Me Sad,Fiji Blue,12931,chill pop,0.557,0.429,6.0,-10.266,1.0,0.189,0.387,0.000478,0.192,0.596,90.574,audio_features,5Op3wFn328uL17aJUIGJx3,spotify:track:5Op3wFn328uL17aJUIGJx3,https://api.spotify.com/v1/tracks/5Op3wFn328uL17aJUIGJx3,https://api.spotify.com/v1/audio-analysis/5Op3wFn328uL17aJUIGJx3,136419.0,4.0
Starry Eyes,Cigarettes After Sex,206000,ambient pop,0.425,0.363,2.0,-15.32,1.0,0.0322,0.448,0.321,0.0685,0.12,100.426,audio_features,2xfRDWDKOisEXgRnYI58Tb,spotify:track:2xfRDWDKOisEXgRnYI58Tb,https://api.spotify.com/v1/tracks/2xfRDWDKOisEXgRnYI58Tb,https://api.spotify.com/v1/audio-analysis/2xfRDWDKOisEXgRnYI58Tb,206000.0,4.0
Steve,Alec Benjamin,173487,alt z,0.348,0.353,10.0,-9.012,1.0,0.0334,0.845,0.0,0.181,0.866,80.558,audio_features,211LaT5hzPOKolVtgzwWnq,spotify:track:211LaT5hzPOKolVtgzwWnq,https://api.spotify.com/v1/tracks/211LaT5hzPOKolVtgzwWnq,https://api.spotify.com/v1/audio-analysis/211LaT5hzPOKolVtgzwWnq,173487.0,3.0
Stolen Dance,Milky Chance,313684,german pop,0.879,0.565,11.0,-8.809,1.0,0.037,0.412,0.000239,0.0798,0.685,114.009,audio_features,0ZfByLXCeKchuj7zi1CJ0S,spotify:track:0ZfByLXCeKchuj7zi1CJ0S,https://api.spotify.com/v1/tracks/0ZfByLXCeKchuj7zi1CJ0S,https://api.spotify.com/v1/audio-analysis/0ZfByLXCeKchuj7zi1CJ0S,313627.0,4.0
Stumblin' In,Chris Norman,122044,classic uk pop,0.758,0.683,7.0,-11.521,1.0,0.0314,0.135,0.000227,0.345,0.924,129.251,audio_features,2Pzhx26KqgTTKnko0uC7F7,spotify:track:2Pzhx26KqgTTKnko0uC7F7,https://api.spotify.com/v1/tracks/2Pzhx26KqgTTKnko0uC7F7,https://api.spotify.com/v1/audio-analysis/2Pzhx26KqgTTKnko0uC7F7,239611.0,4.0
Stumblin' In - 2017 Remaster,Chris Norman,239611,classic uk pop,0.758,0.683,7.0,-11.521,1.0,0.0314,0.135,0.000227,0.345,0.924,129.251,audio_features,2Pzhx26KqgTTKnko0uC7F7,spotify:track:2Pzhx26KqgTTKnko0uC7F7,https://api.spotify.com/v1/tracks/2Pzhx26KqgTTKnko0uC7F7,https://api.spotify.com/v1/audio-analysis/2Pzhx26KqgTTKnko0uC7F7,239611.0,4.0
Sugar & Brownies,DHARIA,197836,,0.792,0.719,1.0,-5.123,0.0,0.257,0.168,0.0,0.0276,0.472,100.02,audio_features,16ih0TTm4REIQuYBMPTHm8,spotify:track:16ih0TTm4REIQuYBMPTHm8,https://api.spotify.com/v1/tracks/16ih0TTm4REIQuYBMPTHm8,https://api.spotify.com/v1/audio-analysis/16ih0TTm4REIQuYBMPTHm8,197837.0,4.0
Sugar Baby Love,The Rubettes,48472,classic uk pop,0.418,0.877,0.0,-4.673,1.0,0.0453,0.000414,0.00944,0.371,0.778,129.709,audio_features,3LrupU93bwJXC26eRzkWIc,spotify:track:3LrupU93bwJXC26eRzkWIc,https://api.spotify.com/v1/tracks/3LrupU93bwJXC26eRzkWIc,https://api.spotify.com/v1/audio-analysis/3LrupU93bwJXC26eRzkWIc,209973.0,4.0
Sugar Sweet,Benson Boone,169839,singer-songwriter pop,0.538,0.826,2.0,-2.945,1.0,0.255,0.0331,0.0,0.0637,0.62,170.066,audio_features,5ZzaQW3InamKZ0KdJVQ1GO,spotify:track:5ZzaQW3InamKZ0KdJVQ1GO,https://api.spotify.com/v1/tracks/5ZzaQW3InamKZ0KdJVQ1GO,https://api.spotify.com/v1/audio-analysis/5ZzaQW3InamKZ0KdJVQ1GO,169839.0,4.0
Sweater Weather,The Neighbourhood,240400,modern alternative rock,0.612,0.807,10.0,-2.81,1.0,0.0336,0.0495,0.0177,0.101,0.398,124.053,audio_features,2QjOHCTQ1Jl3zawyYOpxh6,spotify:track:2QjOHCTQ1Jl3zawyYOpxh6,https://api.spotify.com/v1/tracks/2QjOHCTQ1Jl3zawyYOpxh6,https://api.spotify.com/v1/audio-analysis/2QjOHCTQ1Jl3zawyYOpxh6,240400.0,4.0
"The Docking Scene (From ""Interstellar"")",Hans Zimmer,1299516,,,,,,,,,,,,,,,,,,,
The Race,Chris James,141842,singer-songwriter pop,0.753,0.555,8.0,-5.816,1.0,0.0344,0.257,0.000653,0.176,0.799,102.966,audio_features,28Uw7wcsuQQpm5xElRoiww,spotify:track:28Uw7wcsuQQpm5xElRoiww,https://api.spotify.com/v1/tracks/28Uw7wcsuQQpm5xElRoiww,https://api.spotify.com/v1/audio-analysis/28Uw7wcsuQQpm5xElRoiww,141562.0,4.0
The Way You Felt,Alec Benjamin,183243,alt z,0.872,0.52,0.0,-6.928,1.0,0.0618,0.715,0.0,0.0982,0.736,131.918,audio_features,5myjSxfvS8pzSMK3jJcfIL,spotify:track:5myjSxfvS8pzSMK3jJcfIL,https://api.spotify.com/v1/tracks/5myjSxfvS8pzSMK3jJcfIL,https://api.spotify.com/v1/audio-analysis/5myjSxfvS8pzSMK3jJcfIL,183243.0,4.0
The Wormhole,Hans Zimmer,633983,german soundtrack,0.14,0.0532,0.0,-28.662,1.0,0.0393,0.563,0.889,0.0748,0.021,95.78,audio_features,5tWPl23tRGaEbSz3f0lTsW,spotify:track:5tWPl23tRGaEbSz3f0lTsW,https://api.spotify.com/v1/tracks/5tWPl23tRGaEbSz3f0lTsW,https://api.spotify.com/v1/audio-analysis/5tWPl23tRGaEbSz3f0lTsW,90569.0,4.0
